ID,companyName,companyPointOfContact_ID
2932104c-1de2-476c-85ec-7568a9c396e7,companyName-2932104,25234874-aea6-4991-bb29-046633b2abb6
29321057-de98-4170-a345-ee1c909b5627,companyName-2932105,25234874-aea6-4991-bb29-046633b2abb6
29321063-6d84-4585-815b-69c7c04325f8,companyName-2932106,25234874-aea6-4991-bb29-046633b2abb6
2932107a-14fd-4a23-902e-5a12d2478132,companyName-2932107,25234874-aea6-4991-bb29-046633b2abb6
29321082-a4df-4028-bbd8-ce4bbb4e3cf1,companyName-2932108,25234874-aea6-4991-bb29-046633b2abb6
29321090-7ac2-4ed3-91ec-1d1ce380ea05,companyName-2932109,25234874-aea6-4991-bb29-046633b2abb6
29321103-32ab-4964-bc6e-b10209fde308,companyName-2932110,25234874-aea6-4991-bb29-046633b2abb6
29321113-0fd4-4e71-92cd-85ad10dc4630,companyName-2932111,25234874-aea6-4991-bb29-046633b2abb6
2932112f-a6be-4a9e-b0c4-212c47cdc724,companyName-2932112,25234874-aea6-4991-bb29-046633b2abb6
29321139-47f2-40d7-8da5-34aebe82acc4,companyName-2932113,25234874-aea6-4991-bb29-046633b2abb6