ID,Name,Email,Password
13131606-34a5-4a0c-baeb-116c9eff7bd3,Name-13131606,Email-13131606,Password-13131606
13131607-2e26-4517-a852-02782bc4e66d,Name-13131607,Email-13131607,Password-13131607
13131608-2e9f-4f8f-a02f-bdedd911e683,Name-13131608,Email-13131608,Password-13131608
13131609-d5e6-4bd9-8b4f-4ce23bdd4d40,Name-13131609,Email-13131609,Password-13131609
13131610-7d97-4f23-b215-cc97183319cd,Name-13131610,Email-13131610,Password-13131610
13131611-bd22-455d-947e-039165765cc9,Name-13131611,Email-13131611,Password-13131611
13131612-4f88-4b0f-a38f-a70cb23cbf00,Name-13131612,Email-13131612,Password-13131612
13131613-a443-4582-a642-555019326bc7,Name-13131613,Email-13131613,Password-13131613
13131614-3e07-4bc1-bae3-932f1ae85e39,Name-13131614,Email-13131614,Password-13131614
13131615-6b23-4314-9f1f-0960ec726fd8,Name-13131615,Email-13131615,Password-13131615