ID,location
9832d98f-3a58-4330-96ed-9db2782e9b69,location-9832
983325d8-98d1-4cfb-95dd-e5ae3e85158b,location-9833
983476b7-860b-460a-bb4a-c5d07e64d1eb,location-9834
9835bc23-2da3-4218-af5d-afadc00ac560,location-9835
9836857c-06ff-4a17-83c3-a906794968c8,location-9836
983711fc-3837-4e97-9b73-940a58487e55,location-9837
9838b1fc-85d1-4523-a211-284b412502bc,location-9838
9839c9c7-7464-4b35-adf6-958b1a6cdfa3,location-9839
9840d670-8926-4587-bbc0-89af8f97f982,location-9840
9841bb93-1e16-49d9-b3fe-ba26aec87ded,location-9841